Highest Max Temperature by Day for MANTI, UT
Click column heading to sort ascending, click again to sort descending.
Day, Jan, Jan-Year, Feb, Feb-Year, Mar, Mar-Year, Apr, Apr-Year, May, May-Year, Jun, Jun-Year, Jul, Jul-Year, Aug, Aug-Year, Sep, Sep-Year, Oct, Oct-Year, Nov, Nov-Year, Dec, Dec-Year
  1,  57,     1943, 56, 1987, 68, 1986, 73, 1966, 83, 1981, 91, 2025, 95, 1950,  97,     2020,  95,     1950, 86, 2010, 71, 2020, 66, 1995
  2,  59,     1981, 62, 2025, 65, 1986, 75, 2011, 86, 1947, 90, 2006, 95, 2001,  99,     2024,  96,     1950, 83, 2024, 73, 2025, 59, 2008
  3,  58,     1918, 67, 2025, 67, 1921, 75, 2021, 88, 1947, 89, 2021, 95, 2021,  95,     2020,  97,     1950, 83, 2024, 72, 2025, 59, 2017
  4,  52,     2007, 65, 2025, 64, 2016, 77, 2021, 87, 1947, 93, 2021, 96, 2001,  98,     1994,  95,     2022, 88, 2024, 73, 1999, 59, 1916
  5,  55,     1956, 68, 1963, 66, 1972, 80, 1959, 85, 1947, 90, 2021, 96, 1985,  97,     2024,  95,     2022, 82, 1947, 72, 2010, 62, 1958
  6,  58,     1956, 66, 2015, 71, 1972, 77, 1960, 83, 2021, 93, 2006, 97, 1989,  97,     2024,  96,     2022, 81, 2024, 72, 1980, 61, 1939
  7,  63,     1969, 64, 2015, 64, 1986, 76, 1930, 84, 1947, 93, 2006, 98, 1989,  99,     1960,  98,     2022, 84, 1979, 72, 1980, 58, 1939
  8,  60,     1969, 65, 1963, 70, 1972, 79, 1977, 82, 1989, 89, 2022, 99, 2021,  98,     1928,  92,     2022, 84, 1979, 73, 2006, 62, 1940
  9,  58,     1990, 64, 2017, 73, 1972, 77, 1996, 83, 2018, 90, 1973, 99, 2021,  95,     1928,  92,     2021, 83, 2024, 71, 1980, 58, 1929
 10,  56,     1948, 63, 2017, 71, 1989, 75, 2025, 85, 1960, 92, 1918, 96, 2024,  96,     2024,  89,     1958, 84, 1996, 71, 1980, 61, 1981
 11,  60,     2000, 65, 1961, 68, 1989, 80, 2025, 86, 1960, 93, 2022, 100, 2024,  97,     1960,  91,     1958, 82, 2024, 70, 1999, 59, 2025
 12,  56,     1953, 59, 1970, 69, 1972, 75, 1988, 86, 1960, 96, 1918, 99, 2024,  98,     1960,  91,     1990, 82, 1950, 73, 1928, 61, 1910
 13,  63,     1928, 61, 2015, 71, 2007, 79, 1963, 87, 1959, 95, 2021, 100, 2005,  98,     1958,  91,     1990, 82, 1950, 70, 2025, 59, 1929
 14,  58,     1928, 60, 1971, 71, 2017, 79, 1962, 85, 1976, 97, 2021, 99, 2005,  96,     2021,  90,     2000, 79, 1958, 71, 1967, 60, 1946
 15,  57,     1943, 59, 1996, 71, 2017, 79, 1962, 83, 2022, 96, 2021, 99, 2006,  96,     1962,  91,     2000, 79, 1958, 69, 1999, 61, 1977
 16,  56,     2000, 62, 1970, 72, 2007, 79, 1936, 86, 1927, 97, 2021, 99, 2006,  94,     2020,  90,     2000, 81, 1991, 69, 1999, 59, 1939
 17,  57,     1971, 60, 1977, 75, 2007, 79, 1987, 85, 2006, 97, 2021, 99, 2023,  96,     2020,  89,     1928, 84, 1950, 68, 1999, 63, 2025
 18,  58,     1959, 61, 1981, 75, 2017, 80, 1962, 86, 2009, 97, 2021, 98, 2009,  97,     2020,  90,     1956, 78, 2009, 68, 2020, 60, 1980
 19,  55,     2000, 65, 1972, 75, 2017, 83, 1980, 87, 1964, 97, 2025, 99, 2005,  98,     2025,  90,     1956, 78, 1954, 69, 2007, 64, 2025
 20,  56,     2005, 64, 1935, 73, 2004, 79, 1994, 87, 1958, 95, 2017, 101, 2005,  98,     1928,  88,     2005, 87, 1950, 64, 1989, 63, 1981
 21,  57,     1923, 63, 1995, 74, 2004, 81, 1969, 85, 2006, 97, 1961, 99, 2005,  99,     1928,  90,     2018, 80, 1927, 65, 1921, 61, 1969
 22,  60,     1981, 63, 1995, 73, 2004, 81, 1969, 86, 1967, 95, 1961, 98, 2022,  97,     2020,  87,     1966, 77, 2003, 66, 1914, 65, 2025
 23,  55,     1912, 64, 1981, 72, 1998, 80, 1977, 90, 1967, 99, 1954, 97, 2022,  93,     2020,  87,     1966, 77, 2003, 65, 2024, 61, 2025
 24,  56,     1970, 65, 1981, 73, 1998, 79, 1949, 84, 1969, 96, 1928, 97, 1931,  92,     2020,  86,     2020, 77, 2014, 66, 2017, 61, 2025
 25,  57,     1959, 69, 1986, 71, 2022, 78, 1981, 87, 2006, 97, 1981, 101, 1928,  94,     1985,  87,     2024, 79, 1959, 68, 1995, 58, 2025
 26,  58,     1982, 65, 1986, 78, 1956, 79, 1927, 89, 2022, 96, 1928, 103, 1960,  92,     2020,  87,     2024, 75, 1915, 69, 1949, 57, 1980
 27,  56,     1987, 63, 2016, 76, 2025, 83, 2000, 89, 1951, 96, 2015, 96, 1960,  92,     2020,  88,     2024, 75, 1915, 66, 2017, 57, 1980
 28,  53,     1938, 68, 1972, 74, 2015, 79, 2018, 88, 2003, 96, 2015, 97, 2006,  92,     2019,  89,     2024, 75, 2008, 65, 1949, 56, 1980
 29,  54,     1935, 61, 1992, 71, 1978, 82, 1992, 89, 2020, 97, 2015, 98, 1928,  94,     1954,  88,     2024, 77, 1964, 61, 1949, 59, 2024
 30,  62,     2018,  -,    -, 73, 2015, 82, 1959, 89, 2000, 96, 2015, 97, 2000,  95,     1954,  85,     1963, 73, 2008, 65, 1995, 60, 2017
 31,  58,     2003,  -,    -, 77, 1913,  -,    -, 89, 2002,  -,    -, 97, 2020,  96,     1950,   -,        -, 72, 2014,  -,    -, 58, 1980
Period of record: 1910-01-01 to 2025-12-31