Lowest Min Temperature by Day for MANTI, UT
Click column heading to sort ascending, click again to sort descending.
Day, Jan, Jan-Year, Feb, Feb-Year, Mar, Mar-Year, Apr, Apr-Year, May, May-Year, Jun, Jun-Year, Jul, Jul-Year, Aug, Aug-Year, Sep, Sep-Year, Oct, Oct-Year, Nov, Nov-Year, Dec, Dec-Year
1, -12, 1919, -17, 1951, -1, 1962, 11, 1975, 18, 1915, 28, 1923, 37, 1968, 43, 1975,  37,     1962, 25, 1950, 15, 1972, -1, 2004
2, -15, 1912, -16, 1917, 1, 2002, 10, 1975, 18, 1915, 30, 1916, 38, 1911, 40, 1915,  32,     2008, 21, 1950, 8, 1951, -2, 2004
3, -16, 1912, -8, 2011, 1, 1917, 11, 1945, 21, 1964, 28, 1915, 32, 1921, 39, 1911,  33,     1964, 26, 1969, 8, 1936, -4, 2004
4, -16, 1971, -11, 1923, 2, 1989, 12, 1945, 21, 1912, 32, 1951, 40, 1921, 43, 1944,  35,     1961, 28, 2016, 9, 1956, 0, 1952
5, -20, 1971, -11, 1982, 1, 1976, 13, 1955, 19, 1975, 30, 1937, 41, 1993, 40, 1976,  35,     2004, 24, 2013, 13, 1935, -10, 2013
6, -20, 1971, -19, 1989, 4, 1939, 15, 2023, 24, 2003, 30, 2012, 38, 1982, 40, 1912,  32,     1912, 18, 1913, 12, 1993, -9, 2013
7, -22, 1913, -19, 1989, 5, 1964, 12, 2012, 21, 2010, 30, 1954, 41, 2009, 44, 2011,  30,     1911, 22, 2011, 12, 1943, -1, 1978
8, -14, 1982, -14, 1989, -5, 1964, 14, 1975, 23, 2002, 31, 2007, 40, 1926, 42, 1954,  32,     1941, 23, 1959, 12, 1948, -11, 1978
9, -25, 1937, -16, 1929, 2, 1964, 14, 1955, 20, 1948, 31, 1979, 40, 1950, 43, 2009,  31,     1962, 23, 1968, 9, 1945, -17, 1919
10, -15, 1937, -26, 1933, 4, 1919, 15, 2013, 24, 1953, 27, 2002, 42, 1911, 41, 1974,  30,     1916, 22, 2019, 4, 1950, -18, 1972
11, -6, 2011, -8, 1955, -1, 1948, 19, 1933, 21, 1953, 32, 2012, 40, 1983, 40, 1933,  27,     1916, 15, 2019, 8, 1911, -8, 1961
12, -20, 1963, -4, 2004, 0, 1948, 18, 1922, 24, 1916, 27, 1915, 42, 1951, 40, 1985,  30,     1974, 21, 2008, -8, 1911, -17, 1972
13, -23, 1963, -6, 1944, 3, 1962, 13, 1945, 24, 2008, 28, 2001, 42, 1997, 45, 1988,  30,     1967, 18, 2008, 0, 1916, -21, 1932
14, -17, 2013, -9, 1949, 1, 1964, 17, 2020, 21, 1916, 30, 1976, 42, 2011, 42, 1950,  26,     1915, 17, 2008, 0, 1916, -9, 1972
15, -16, 2013, -8, 1944, 4, 1962, 18, 1944, 20, 1916, 30, 1976, 42, 1962, 38, 1978,  28,     1912, 21, 2018, 4, 1964, -10, 1972
16, -17, 1917, -12, 1944, 5, 1944, 18, 1922, 23, 1955, 32, 1912, 42, 1952, 41, 1968,  30,     2006, 22, 2003, -3, 1955, -11, 2001
17, -14, 1949, -4, 1939, 12, 1951, 13, 1960, 24, 1943, 30, 1912, 44, 2012, 41, 1960,  30,     1912, 20, 1999, -2, 1964, -8, 1933
18, -12, 1984, -15, 1942, 8, 1951, 16, 2013, 27, 1971, 28, 1939, 47, 1915, 37, 1968,  17,     1965, 18, 1917, -3, 1951, -7, 1927
19, -17, 1922, -8, 1942, 8, 1943, 18, 1933, 26, 1971, 31, 1973, 43, 1987, 36, 1916,  24,     1978, 19, 1976, 4, 1930, -14, 1924
20, -11, 1963, -10, 1955, 9, 1942, 15, 1982, 24, 1959, 35, 1973, 47, 1987, 37, 1980,  25,     1978, 20, 1976, -2, 1977, -8, 1924
21, -22, 1937, -9, 1955, 6, 1955, 15, 1982, 27, 1975, 36, 1960, 46, 1957, 37, 1964,  26,     1978, 17, 1996, -1, 1977, -13, 1990
22, -27, 1937, -5, 1955, 1, 1952, 20, 1920, 30, 2008, 30, 1916, 43, 1914, 39, 1974,  25,     1968, 15, 2008, 1, 1979, -16, 1990
23, -23, 1937, 0, 1984, -1, 1952, 20, 1963, 28, 1932, 31, 1916, 42, 1973, 36, 1968,  27,     1968, 16, 1935, -1, 2003, -24, 1990
24, -12, 1932, -5, 1955, 11, 1917, 20, 1961, 30, 2010, 37, 1993, 42, 1954, 39, 1960,  26,     1945, 14, 1935, -8, 1931, -18, 1990
25, -8, 1937, -1, 1952, 12, 1965, 19, 2008, 22, 1916, 33, 2003, 40, 1913, 38, 1975,  22,     1970, 15, 1975, -5, 2010, -20, 1924
26, -12, 1949, -3, 1964, 12, 2023, 21, 1958, 27, 1980, 32, 1975, 45, 1944, 39, 1992,  22,     1958, 9, 2020, -5, 1918, -16, 1924
27, -10, 1918, -8, 1962, 7, 1913, 19, 1976, 28, 1929, 34, 1985, 44, 1993, 37, 2004,  25,     1934, 13, 2020, -4, 1952, -14, 1916
28, -7, 1948, -13, 1962, 5, 1975, 20, 1966, 27, 1954, 35, 1945, 44, 1993, 37, 2004,  25,     1971, 11, 1917, -6, 1976, -14, 1916
29, -14, 1949,  1, 1960, 3, 1975, 21, 1975, 28, 2006, 39, 1969, 42, 1948, 39, 1964,  25,     1985, 16, 1975, -3, 1918, -7, 1966
30, -13, 1979,  -,    -, 11, 1938, 16, 1962, 28, 2006, 32, 1968, 41, 1950, 34, 1910,  23,     2007, 4, 2019, -6, 2004, -17, 1990
31, -10, 1917,  -,    -,  9, 1924,  -,    -, 28, 2006,  -,    -, 40, 1950, 34, 1943,   -,        -, 10, 2019, -,    -, -6, 1978
Period of record: 1910-01-01 to 2025-12-31